PC1,PC2
-0.11620817816568063,-0.13758141843346763
0.43751721746361255,-0.3043245378696088
-0.5237237245308229,-0.024664170016785187
-0.28671667615326496,0.31919354652491966
-0.47264818748079784,0.11173924999615478
0.010631389452363138,-0.17277393325069967
-0.686852036678072,-0.05520926029409031
0.4171001367081336,0.2686045608513912
-0.5503449164168162,-0.11649052077209217
0.16659187413303045,-0.06376609926916475
0.1945178346330252,0.2419430936960855
-0.37656658241992225,0.011920805219701886
-0.23063152650687208,0.004715580309632911
-0.4538486800655316,-0.003764847183733417
0.6537568120542728,-0.12395497490824074
-0.6322756469471857,-0.1093689639031001
0.09723687386738768,-0.16464191713596193
-0.2389831265123609,0.07887129608524175
0.001359586632483381,0.0009478683830850834
-0.7532456345886488,-0.04055502186317375
0.23859037987846526,0.07104167794746956
0.023346831218695994,-0.1270933725798406
0.3296866658626876,-0.12664742979185342
0.4166212016084162,-0.04369780415889017
0.20897599518598994,0.5020307613065355
0.6755079832173063,-0.16455573617183647
0.29099987626472096,0.03301820559260527
-0.4974968675436208,-0.0934892858044616
-0.5244627230946446,-0.18125116236501396
-0.38587205997586344,0.037049498527011324
0.9531145473517387,-0.20399143646841203
0.0988168804227737,-0.13985917968917042
1.0321233528683893,-0.1369502388307501
0.6280629214455443,-0.0677971029622219
0.21136747823374238,-0.10661423317101695
0.20391196887877186,-0.18003320194887212
-0.23486694061345112,0.1108085302856575
0.6609017231294244,0.040773558908430596
0.12204016136780599,0.04169633911768414
0.5645306584298418,-0.32414467472025327
-0.7081592004154955,0.01160063274077219
-0.3991358269265575,-0.08937805730375532
-0.23738947259584986,0.0343696891488001
0.26544705851339206,-0.10398154873383719
0.043560760218391115,0.26603988295632436
0.9226066499726056,-0.09975606500122268
-0.19262896310850797,0.21205828522495795
-0.05593855505817845,0.007443839720856367
-0.024589487723760742,-0.13891377939877667
-0.39010135209112906,-0.11146555617628633
-0.44717646921026466,-0.14458914087556646
0.26133869337401266,0.12936345772386235
-0.4003367204952585,0.07355243854647393
-0.5121247652722256,0.16504866946756344
-0.27389536534104497,0.0066348593733525545
-0.036171586248044035,0.03281948086994348
0.3739830135788393,-0.03506665174791681
-0.2278613891133596,-0.09711682127167073
0.20884178333792855,-0.11282848238621908
-0.09047534457194344,-0.06289307050928757
-0.25217417636578465,-0.09480169041201941
0.3883828789922048,-0.06544823346153941
0.9815819912718451,-0.10625227802188422
-0.15450578337226045,0.13985891167874864
0.2578841126241166,0.03528808504905195
-0.09002678556845727,-0.21269353893039095
0.09745831344080672,-0.026688476396514876
0.03664988581705945,-0.024255669067313627
0.28086519694373996,0.12913234889232675
-0.5528455903575792,-0.06992101740263106
0.10117322249194498,0.09536023778615542
-0.1026833421336253,-0.005488890687287827
0.5327160114827848,0.10424704965390837
-0.05512473422570943,0.014495451352376223
-0.20440466091910062,-0.06939880463439298
-0.13986671452089713,-0.25560180063308624
-0.4321871790187484,-0.04009974656679243
-0.0028231538651549187,-0.027124670429905285
-0.0924811946003553,-0.07614708212767718
0.07831299336285177,-0.13643360987387987
0.018488597952474865,-0.06127285386122244
0.13952562156318968,-0.03377804806191858
-0.12936160797462845,-0.0004183161225034043
-0.45595376057622367,0.060112548874391054
1.153170520963062,0.14506768599318984
0.252791448322818,-0.09364415640397367
-0.5051316790252242,-0.11648740796244121
-0.21570919809362402,-0.4194825310354381
-0.618923886719195,-0.08611879852217293
-0.32074342669644224,-0.10903463020561945
-0.11576895164621585,-0.1585516701535985
0.9316556205823036,0.06941127646793181
-0.3759448349192989,-0.0008684658159659943
-0.08566631287872123,0.021089490007717506
0.1223014085068111,-0.0009207379092877564
0.2956335017276967,-0.12681677526466925
-0.11595025963101832,-0.12631185566607278
1.2455911619717654,0.1292112691509183
-0.639555929084872,0.14911624651457095
0.0012816257420068936,-0.13919982935953365
-0.11413972315808339,0.0028652753457851393
0.13097962863788457,-0.18899401537609667
-0.009097180241901941,-0.2104396804302602
0.31406850088876453,-0.07285864482106257
-0.43424823858225514,-0.04931570776122299
-0.6390099304880518,-0.0825532677962393
0.22687547455672225,-0.11556693241807876
0.17611936032748152,0.028192460883997468
-0.07721434740169088,0.042542091225757486
0.27493353549736577,-0.17498272187877398
0.12197625043324968,-0.2181722466670145
-0.470216815927817,-0.12022233880783886
-0.2532454760192727,0.2027691335938103
0.3484214772474669,-0.07727693819390112
0.3053765324731613,-0.058940429724362066
0.14007640269582233,0.15264887165876506
0.42948757135095167,0.1609917278664474
-0.3896076665671542,0.08076898896013188
-0.4628572746210442,-0.1769018985853506
-0.0689376226399564,-0.38966694235991955
0.1731294669207011,-0.035495126146316856
-0.162469525413133,0.05869182925159012
-0.028974909431076133,0.2196007681722102
-0.4890504510627559,0.019841438369564396
-0.1111194638225337,-0.0012674396153267947
-0.6195320975832984,0.0026725225036380706
-0.13328345631834104,-0.12927728157205748
0.25132547666092037,0.10602991386736936
0.2388253071760531,0.31224787559407263
-0.7538775677079033,-0.06033939805926638
-0.4412002450507808,-0.08738098991215311
0.20811530271776146,0.02632882039565422
0.41374399987777,0.006799076507416729
-0.00931526828593328,0.25018174902272594
-0.11098911691238249,-0.12074558887938783
-0.1292817096859244,-0.03156768851985588
-0.5097805664851577,0.08284307688606302
0.21963908757673883,-0.1626395063787676
-0.42936710868121797,-0.09595911047911727
-0.44689122600830955,-0.0192718431682857
-0.17768667623612505,0.3817146112305942
-0.354552317268357,0.0692736859725112
-0.3544527991968108,0.11760263651366207
-0.5990918830068609,0.24272803673402385
0.3049637851946504,0.022194274732999317
0.47348679291360746,0.05363056318531163
0.5265864890196895,-0.07273719931603428
-0.7318202342838994,-0.10748505578570994
0.000510766387455106,0.03189175914687927
0.2268539255431105,0.016998051120688026
-0.22067375223966537,0.030003237939425158
-0.014114089503181626,-0.08890531762533951
-0.16984724448546662,-0.024970780279665546
-0.41367010268194526,0.006488728923762025
-0.049495822055205814,-0.06676957973643674
0.6453768530974398,0.19308356226941617
-0.22044517326414637,-0.03963119171541782
0.02214922492653867,-0.04597753798312417
-0.1660969628692796,-0.24474628084691183
-0.20743092151786027,0.09807354121017225
1.1127243342621203,-0.06471173645462383
-0.31357573999379285,-0.16703468020754383
-0.468781766496624,0.08091012645600186
-0.3015005829133258,0.060825296551055764
-0.35691331612716304,-0.18027572276524903
-0.09291289240493299,0.14634757286845926
1.0776495067826726,0.17503122678010938
0.09956533517348563,-0.026210844715112123
0.6570958437412792,-0.09556069953730328
-0.48521435251464945,-0.10369573147550223
0.19003288882315855,-0.19808436675296792
-0.03384341587606914,-0.012328970548328481
-0.24657259773231766,-0.04210360563358687
0.19253521428093806,0.4306877249877302
0.4295097616675382,-0.07009671923933543
-0.015577162893137037,0.048125731073811726
-0.09442982714124086,0.00690702532438458
0.410705010069286,0.011966778070003289
-0.23161970819426567,-0.1494682134979338
-0.33126641744563984,-0.203088736809408
-0.24429076762523738,-0.1253001777004586
-0.29959333153347073,0.034396117715815244
-0.28791631630859055,0.06117574197855879
-0.20293685650162255,0.2194197607263617
-0.2777505086456035,-0.10287630008892538
0.5533834216485221,-0.16045645105577153
0.1465112596333448,0.12295353116948013
-0.5133325670943302,0.00655047666929561
-0.0753707430942606,0.014649390691942191
-0.626236130415814,0.17658848841864763
0.34586449307854555,0.11503118398627703
0.601994889344573,-0.06838905467675141
1.2399930283281329,0.46737493649667616
-0.0188992045171566,0.2846199125037247
0.15673785433513612,0.5042996390730854
-0.4842606117860056,0.13264529833850433
0.43047581170116217,0.09299033706893987
0.02814576006231036,-0.035851327487429065
0.046271696515816724,-0.04965270343216471
0.3822907576819264,-0.14680286222316524
0.30774672459260144,0.12167304575822196
-0.31865293520000393,-0.005895746759456773
-0.6231584023506003,0.10553584337158595
0.10393667661771117,0.4313048969545483
-0.2508213240588707,-0.10293625347638517
0.6437137620760893,-0.1853248996986305
0.40599402944053214,-0.11454731601428682
-0.6631324125139395,-0.08686061743105775
-0.2155483007762748,-0.05880250229298482
0.8139074069810405,-0.17537343174216355
0.40771005974264757,-0.0944083093445923
-0.7564053001849209,-0.13947690284363706
0.42778722460811575,-0.27086487971822887
0.06428506578003616,-0.026529306299142463
0.06011129281289755,0.19764551788257895
0.1355665702461422,0.021812201233975596
-0.12865780423426387,0.1277530817601226
0.06978338834786721,0.40533233795635415
-0.40635278953459664,-0.1233834051868576
-0.27400190965702403,-0.09468929893136102
-0.29233798527473603,0.060091156097380354
0.32814629607071494,-0.09525078780160301
-0.03788519141826287,-0.03638449225373379
-0.5468367091996075,0.036598859460184846
-0.3422391078015672,-0.06621850534210297
1.113574461776108,-0.19323947201579078
1.0825811209571878,-0.10895428929609172
-0.03584770011822461,-0.13283878889676592
0.13253282453154858,0.008154080558676455
0.2534265067720448,-0.22166100101509156
-0.4978158118480153,-0.08265049721510487
-0.5838001402725365,0.06269576804510292
0.11646701084250406,-0.13118598414964872
0.3602456710015119,-0.05157870663740533
-0.22913409712436875,0.08624789815162437
0.15331399173050478,0.1869055759235921
0.024921110792245793,0.34563954986663165
-0.3991871748145598,0.14987969268121407
0.038894337859191254,0.02573578194103486
-0.09709528122010452,-0.11486866308370698
-0.1181174940468343,0.05794015183714746
0.11414484563253144,-0.19044287301634372
0.3286085320100588,0.09924001324316693
0.47478182701454924,0.5190096827732363
-0.2999250726180746,0.0232317066052265
0.3500706969979856,-0.06060637831928824
0.41599616988869575,-0.013059476464992783
-0.5165546913233561,-0.2511739668101022
0.1715658343842714,-0.06708223308549412
1.0523280074330117,-0.11628111987743343
0.4163702373069877,-0.17114319944478265
-0.17615216199303513,-0.1618678007605428
0.16165746496134728,0.057030392756085825
0.5721645638801427,-0.08973810340591463
-0.6831489437678611,0.12590666032853304
0.0969916666245259,0.1405814057293843
-0.181964680309594,-0.1572767551789754
0.2643300479090077,-0.06181080581210593
-0.6622500714930492,-0.21483324693720474
-0.123123777215968,0.25494686423879503
-0.6604015558000358,-0.09872008864978611
-0.05584586425817563,-0.2208148947619931
0.16031296545449092,-0.18454025589928097
-0.20880080109235022,0.2006244635103726
-0.5329776532368481,0.059187091215093364
0.477813089446649,-0.21922444627118126
0.034111766860440915,-0.03104728615524524
0.10805538157355886,-0.08228786654529748
1.1171544150963149,0.1179256741714876
0.0484237588441096,-0.14451464697550762
-0.4331141154595241,0.07805075549115043
-0.18648640900155802,-0.17889242702769823
0.33463610540264316,-0.27656670319581445
-0.45577883286236703,0.012928488344297892
-0.24029559077611312,0.20186464608562746
0.33364036150023235,0.17310544205526474
-0.2811250815948616,-0.019446876963688516
-0.4481294921485821,-0.06578597167520743
-0.4755962284656291,0.09396048799231617
-0.3456240216747538,-0.06722745910002946
0.20188819656125112,-0.10895871955661908
-0.5550043226206576,-0.23254057651893098
-0.49827534838844956,-0.05440289390611729
0.20248687303592278,-0.2556811608710018
0.07105971812070329,0.09532834357268449
0.0700528912741392,-8.06749040729739e-05
0.25833827376169854,-0.1224456745045233
-0.5673931756588598,0.24239905477573337
0.4670979733927215,-0.03661434233570989
-0.7307332872822333,0.0699219533281044
-0.510478941674005,-0.10159384505955496
0.568587146770659,0.2938983567293846
0.10492884847409421,0.15324566279859841
0.19806080258479125,-0.13678499777385558
-0.14777365403575463,-0.12540421926127313
-0.22550109087500603,0.027507835181871942
0.48286139423723523,-0.0572607170989341
-0.1442789895021595,0.25158221079466225
0.05145270310745747,0.436671828401573
-0.001243280919174043,-0.19631124385747042
0.39979614430939864,0.024373173637578648
0.7688327949992358,-0.08781465107932301
0.22150960128263356,-0.006682513782026871
0.8787475258294948,-0.12633345578253466
0.040720711820095325,-0.04768547189704359
0.06427885201086922,-0.254619603646226
-0.007195831571921124,0.07899308547516624
-0.27217393297442216,-0.11273055519722025
-0.2875474516028713,-0.06525205342887144
0.17447200574601482,-0.08463375779543213
-0.5328277412656349,0.06711285896578528
-0.13532220079409002,0.10890110281299994
-0.08251271470518463,-0.13968880669697378
-0.4235543130371129,-0.09800117154237932
0.009608819987481554,-0.05293863618339705
-0.5278471117657791,-0.16085780365099175
-0.060710868352283946,0.01760607449892526
0.17742203906060808,0.41339589258917925
-0.5383698216156434,-0.20377146063848897
0.7040812193246497,-0.08266399167640057
0.4194071105836764,-0.0056962461583693995
0.13677388538439883,-0.1514374442094282
-0.33888636807881994,-0.047921506520998275
0.06790684733559871,0.013744061441049232
-0.021749812598586448,0.1106521960088056
0.10181933798354174,0.5084218383479513
-0.18214442819696364,-0.12284880715004272
0.37364812282804016,0.05436832375408648
0.08727330583670215,0.22043859851261025
0.4053269436661994,0.17668062557997977
0.37950912138521287,0.07722242905316479
0.1960417647254181,-0.0281560551123456
0.12799045860392966,0.0513154099721888
0.12462853501249915,-0.1398255897860844
0.21840061462290572,0.025953854179490088
-0.24920779804121096,0.05507749364926174
1.133637635407199,0.44315243370079727
-0.0483789789079188,0.14401031752520954
0.03689237455010471,-0.07900035340222875
-0.4985689055443842,0.15301164665087852
-0.4202795278731795,0.04492319767982693
-0.34839535441609143,0.12463591025084518
0.11038235151800008,0.5314041688287041
-0.5235836846123767,-0.05464835736473785
-0.24028650124971235,-0.09098455088842777
0.44020041816348,-0.12067154002945622
0.30352404400971694,-0.3458191157545949
0.41030757930227113,-0.01970367605399335
0.017409325056809012,-0.028960751158240778
1.2041751913480836,0.20626378604135318
-0.4237721858309512,-0.07446257646805554
0.5610146155795968,-0.08668932194479732
-0.029747561978563514,-0.11646493280545374
-0.23004382541727428,0.11358824103801755
0.33955677767745773,0.5181862179476477
0.023371895153195172,-0.006284133812560176
-0.22164767926254805,-0.012258519518197588
-0.2544760209662812,0.0138366909738291
-0.4239664464234676,-0.1223216079466649
-0.35623233522219205,0.1547735930654398
0.2124626716307247,-0.05022322569831335
-0.30759185307693193,-0.03958735927558672
0.6319685799867167,-0.14711157606982425
0.2710567838391881,0.1021240451246127
0.01895980132137462,-0.017434542659478653
0.03125473779468193,-0.11545967443463724
-0.3562188315997649,-0.07120799073815891
-0.17487763106578857,0.24400974838634554
1.0527544899204175,0.07864278906456816
-0.23593665575955583,-0.018140966784185607
0.11854274434424868,-0.07729398519160673
0.6034139996900434,-0.3188192507352738
-0.3959858344208977,0.01773790344871955
-0.13074725744691443,0.12951778540825032
1.0778888059708256,-0.08240717736336896
-0.019051123465794823,0.10163162534241113
-0.1942304256644513,-0.02890288800556846
-0.24039910583903526,0.07205633106509882
0.10774110636274065,0.042556266275884234
-0.20236023552148782,-0.13540452386682772
0.2698049540531786,-0.1098619471645144
0.10234988832679247,0.28728100962967396
-0.43738632894707996,0.04515790654760413
0.753009391775488,-0.05490619976484542
0.20066958734544357,0.050133474207052185
0.27444248563204243,0.07138897749889642
-0.017731060394459482,0.535269049736297
0.5218372126389629,-0.08130777219638778
0.10864848262269414,0.3538307864000231
-0.3812083687582954,0.0347847327890743
0.24632732062470297,0.16830093411856775
0.29816284512538,0.08494959443300236
0.19194048622925372,0.029400232720079626
0.6010641591747518,0.03270069451506507
0.27727388449746315,0.20221839526101823
0.1166688676000056,-0.15279146973082525
-0.04503356769801654,0.5317565270196251
-0.4866317744351233,-0.13139889370061963
0.5102408900854573,-0.08713318111528191
-0.2611367252308784,-0.44542950512233326
-0.43146041188523926,-0.10276115536435727
0.09432205308550813,-0.13489112332656975
0.572160745218913,0.03645964304208167
-0.022666456832364512,0.2944614503396708
-0.06368902500183984,0.18442469694047464
0.20915849568392725,0.29837576064317634
0.2680049749629612,-0.1452350102385343
0.18526017493423522,0.07247227208128973
0.11416548410826544,-0.051487756529629225
0.06663456827372248,-0.16757292681720753
0.31966665519924325,-0.03741201569921458
0.16396729557255774,0.02457417246444024
0.14265968032796134,-0.11014772261300791
0.1708965138424692,-0.1179854187510207
-0.21439107297423307,0.1427184158798492
-0.5062483892914944,-0.10302110599434026
-0.3570094180539138,0.01759705814397941
0.14175142269971505,-0.11055071124412852
-0.4205032245469061,0.0520167739644312
0.24833792717724645,-0.04203594271795356
-0.0867522868863562,-0.1097624326887103
0.033812867389474296,-0.12704555686079347
-0.2716670510307384,-0.11908262553818381
-0.20472079469816046,-0.10556456520362649
-0.33611013780818083,-0.02708131311648305
-0.18140486464151506,0.026948143294684514
-0.23492765488007114,0.08191806741724722
-0.08263045348127684,-0.12509803063198247
0.03089212142347545,0.0315580910378454
0.27444868519736587,0.00971658750321864
-0.5135917894901016,-0.0552298523598741
0.22628479602945592,-0.11653560727966993
-0.21974385932872514,-0.08422355711774779
0.06870320284799876,-0.07247932324063165
-0.19629898746656985,0.11329215683236449
-0.2151686886532579,-0.05037575123607181
-0.24695542197659617,0.0731047476514507
-0.39866697623344893,-0.0811438915066544
0.11851045534348198,0.0358738641699325
-0.05358716707615574,-0.2146055344113367
0.37084436534543164,0.0944814075721371
0.42749877028600813,-0.0887832242107307
-0.7545065230823904,-0.10085475094276215
-0.42811679047115714,-0.10057033428207256
-0.0011240312414554443,-0.1258074045611672
-0.2909080224641463,-0.06183097819912793
-0.5927976581525655,-0.03634896445300253
0.20272035624249773,0.033122272872051335
0.27561681089959367,0.09419224974624647
-0.165096970069741,-0.09574895922496275
-0.4845518823050693,0.04139322884375308
0.6869842039138285,-0.15122358067266997
0.28907602087759926,-0.10137402374641673
0.09090398022566241,-0.1110049868453493
0.1799474333455607,-0.04494519315837742
-0.2724622482792972,0.32518366052282915
-0.48897643456870715,-0.1499754562933439
0.528245205464327,0.11222197258466123
-0.3947453766447459,-0.0661330497713538
-0.3228705916952527,0.21279057535105733
0.3200381144624504,-0.01318114966227573
-0.00847517390792941,0.08905684687453128
-0.006086615376778033,0.536903064564898
-0.3995197617901239,0.09436487385783553
-0.04775701860963423,-0.19757176570883472
-0.3053030791392585,-0.09478823323425778
-0.14753346879340207,0.2502560199985451
0.09664716236973997,-0.06028194348431944
-0.514842346974099,-0.0747612256669116
-0.5889718381613298,0.021484253153200183
-0.005982872478751845,-0.12122233012166468
-0.20389905329327648,0.5300303802963626
0.2327944318146518,-0.06474858313464414
0.3834242007304192,-0.13873894658779173
-0.17886522827696258,0.031379969225500605
-0.19337048525123737,-0.14628280816219083
-0.020133987238512688,-0.01286345044533506
0.37926897060299525,0.212688559007401
-0.27304782995145666,-0.1086291827284898
0.8621092913248996,-0.09643672060164646
-0.5402502537331805,-0.07577787075940944
0.28934835756156807,0.1439245107592161
-0.09547614925889739,-0.1954209546471107
0.22487199138716998,-0.10965325442394075
-0.2734246228594472,0.16213570869626287
0.5189167972043016,-0.2057944436891451
-0.09089944919834149,-0.11651883509520032
0.5088615049980576,-0.1405697661142296
-0.06994365780586811,-0.1168725303017569
-0.5600368112229459,-0.03633963934216492
-0.1357520354923676,0.18957759264604207
0.09860517888016189,-0.039718904934264485
-0.18215244332186437,0.17824963142089537
-0.28266382241581767,0.15057383374245106
0.6321067569824879,0.12649671686510122
0.04834959544991259,0.014178580406902218
-0.004428687213677892,-0.07113897886375849
-0.4324939921073165,-0.0907355135445647
-0.5473796297949566,0.015847433981033634
0.47951826823358296,0.13379851623106453
-0.19787644893078085,-0.013615375918244719
1.2064367401586014,-0.09298350556323899
0.007895494207560872,-0.07393111843049108
0.31324443970514965,0.20513820252300038
-0.028129545447204987,-0.08161374780855384
0.8349963477739687,-0.22277261655531969
-0.6105541931544756,0.007794961518790218
0.23155869004466842,-0.145999275638641
-0.14576406536932704,0.17568719492630294
-0.3523814339608917,-0.0633787295868034
-0.2294999656018584,0.15190441518059136
-0.24774416997563295,-0.007957058925032016
0.03630487951419594,-0.1499872071560149
0.21714542813018387,-0.12001660059656477
0.162070682468158,-0.1418370379345898
-0.046536945177862554,-0.001970054678787169
-0.119306216251864,-0.059251421797549185
-0.2449306886225109,-0.03374051418811563
0.15656340297372845,0.1566223262649055
-0.14845057991397728,-0.16798261402452971
-0.2456115163271808,-0.12939372559836854
-0.15613171496726252,-0.05877250501068784
0.586843134426225,-0.2246087230234675
0.598724598963249,-0.1153634242422621
-0.5059025394872095,-0.030862914693167612
0.0786712476055356,-0.1456274752498397
0.538244241868074,0.02524141448035895
-0.2588764557670025,-0.08501480720087093
0.0023549171293222866,0.5131596072123209
-0.4540227998106976,-0.07156422536803879
-0.1841527030988324,-0.060062921834137764
-0.5236054146268879,-0.01445862700247416
0.19617071042076695,-0.13900351015580198
-0.0631628917150733,0.1855411673651472
-0.43815511687273595,-0.15774720043454857
0.47070605164604834,-0.05588304943827875
-0.6239246330439896,0.04460612207009896
-0.08228379551285464,0.06526542911570808
-0.26603875498981466,-0.06754458614966737
0.05712109596081071,-0.17468100647012666
-0.042870910719642316,0.00709848133837082
0.023495826825453273,0.1493319346602736
0.09025590599824243,-0.12190105689839635
-0.5972248273979454,0.07322419723204604
0.1499782658206535,0.060351785303377536
0.13231647225305512,0.32475784011036607
0.25434520817794926,-0.007901167542538771
-0.6554773444302932,0.016222510924200313
-0.09810643877925589,-0.10488456720651328
-0.4020816356054311,-0.17073945964942888
0.05279000753151584,-0.04163986584900022
0.4972444392055388,0.006451322451842387
0.0052190876599332095,0.43564663145570054
0.19565926054148958,-0.07715280825373484
0.11625165310181888,-0.03540340351952744
-0.3819079160346687,-0.061383851425710526
-0.34778998817807383,0.00159755248761986
0.3040127606872282,-0.15964929527401883
0.44098480107891685,-0.11385752751647149
-0.1287791593994116,-0.16241856775910052
0.2567361459574244,-0.12492684272898973
0.13979269580655318,-0.13251841643147233
-0.04092238418189669,-0.029804552532500302
0.21047997870189997,-0.14479757434843127
0.47467722491044523,-0.005769226049350604
0.26976319046474045,-0.15484067645569888
0.09283769663189313,-0.09733588815502682
0.030695643261786587,0.07357879172752539
-0.2217693004892999,0.07562632601048033
0.013598894925500399,-0.11785905140268409
0.15473760874123652,0.2495506300259368
-0.18338470016389607,-0.15104133678553144
-0.37765791337843047,-0.045741167727986504
0.8067783033819651,0.16936766792805388
-0.11416070057925785,-0.12852533521418136
-0.31198692118169474,0.09463332158633952
0.3644306458678598,-0.04142630180797214
-0.5464821516534905,0.08852320429447162
0.5828359068613909,-0.1804015221351878
-0.36631366039539953,-0.05272711798488944
-0.33511300910501857,0.1310112313341905
-0.10496005268439697,0.10156394180597553
0.5081287523477267,-0.13177413521333714
-0.2642656634382323,-0.1614397212720238
-0.2597994226587306,0.07118075103803585
-0.44062891757853784,-0.054242096188813906
-0.0289377919461767,0.05042220067138728
-0.03749036628436693,0.4357077505406607
0.1631618347837958,-0.11512919466686897
1.0279121931466106,-0.10578358321406436
0.5568383875162672,-0.11499103926117617
0.29119226299849377,-0.14916329576422457
-0.06396900592712654,0.20646022595124705
-0.30811440339033724,0.04461309858764467
-0.5178269057229201,0.059034286801673504
-0.6521731086123013,-0.06619471194748622
0.23772596303367707,-0.1077521483970144
-0.12087179493920587,-0.03952387355640659
0.14762817060846956,-0.1207039898428213
0.7751511753821242,0.012746930192122844
0.24143413619236564,-0.13964407845528903
0.47943569798829755,-0.014356207426926643
-0.1952222648440635,-0.22939700460069135
0.35654225894293773,-0.21621113275737888
-0.022341523026806573,-0.008073166525092754
0.1238679969596886,-0.008143471587910345
-0.6416934641807422,-0.10961067515845332
-0.18442550378800374,0.017873254324638172
-0.4441616610351985,-0.14374104279918196
-0.36228848530812846,0.13131083772821886
0.21030693105781753,0.029213995360433124
0.04604855718846605,-0.08386448877357398
-0.24011422041354488,-0.1134819548867296
0.17864051340746168,-0.1504043914019889
0.15746420440621278,-0.05616293823103934
-0.5936603821710194,-0.11398014214233308
-0.6104046594851662,0.0054420840780319505
0.21877594153674923,-0.0804932804397374
0.006737791920375376,-0.06811686406769087
0.2110793024214292,0.02868411745245412
0.6308844164471288,-0.019994420359942543
1.221769962759407,-0.05184670489576673
-0.4231491935912496,-0.027000589932265753
-0.29578497183352165,-0.05492639524551826
0.48893581988981794,0.18843304831893343
-0.4251437511717511,-0.11779516172284894
-0.5679865117445307,-0.03525226449792034
-0.10723335079483234,0.008742979451651808
-0.27781143550373,-0.1187007944173068
-0.02253710136822358,-0.0742478913351039
-0.5443950652996994,0.06759081103381631
0.21997162018987987,0.09145665115074031
-0.1526543894889245,-0.10104506945127772
-0.24543641043504824,0.1431282567295414
-0.7554574005060393,-0.10980033854949806
0.09180964465358568,-0.14630276898826047
-0.2617233743604324,0.335329798444974
0.21727502259911355,0.05735727517760535
0.19628272072851763,-0.18607421873895205
0.25846691563069607,-0.11127636459652293
0.2131820456674643,0.36622130723509905
0.20829728428228972,-0.006958686603499072
0.1128203511273103,0.0017546932243157247
-0.2754196472798416,0.313191629163826
-0.056932359663546594,0.13479534503310853
0.15291773059848418,0.17525680624904844
-0.13002433302852967,0.5529566194732705
-0.09742954763031597,-0.05149192131835908
0.5749845413792903,0.13013551603030188
-0.7526137014693944,-0.02077064566708106
0.764120256643145,0.1536192528792782
0.10927202274714173,-0.0019304923784410988
-0.516534920598385,0.0680682857178131
0.14574176638524083,-0.09873434570051405
-0.38814575167870463,-0.13508074846378668
-0.14571832821598982,-0.05034799476984507
0.06408487276507842,-0.11030788425428534
-0.08748738871550593,0.0468199025449971
0.4773268536239502,-0.0394019397209912
0.6247868224748342,-0.062185851872428026
-0.04684147978162304,0.41537708156269815
-0.008893555628796764,0.0441464404051932
0.6572986936599808,-0.1807328776264055
0.20370798432123907,-0.07251071630562683
-0.2215631359147459,-0.12093146704128654
0.12550171061668544,-0.2379661142360726
-0.5400420747510586,0.018184267886561148
0.5295755785309982,-0.14544293499342525
0.2732040708134386,0.5327628433107203
0.5248711912987253,-0.19243344291925726
0.3242863634233787,-0.049965985441795514
-0.30599914218993934,0.1289790326811278
-0.3370410496811607,0.5496093087314308
0.36221336342541455,-0.029239921494232032
0.1572749869402658,-0.19885054207181604
-0.4463776436899985,-0.06696775084819315
0.17643730610615319,-0.15224490017888265
0.291576132170702,-0.30871659110528804
-0.03275437032996573,-0.21774559676670666
-0.5144798487893419,0.09268482127279402
0.2957797638519423,-0.13068601057902146
0.3841347860542012,-0.01659808294308381
0.1986425979807959,-0.12399507652121895
-0.24131612761484555,-0.027406355835264136
0.08567896403654658,-0.04364531540605331
-0.2742891793489125,0.16068606333235638
-0.3662131905936902,-0.20288490946927293
0.31481540567799576,0.532022061030617
0.4132928708158685,-0.09128211033632323
0.3080927537996283,-0.04820792930041576
-0.43054907490931,0.07179371891977307
-0.11673668245958535,-0.008990048455722002
0.3346939872103981,0.49987614139687486
0.3530269696413478,-0.19014070978301467
0.3787112317401564,-0.04095337793224287
0.3645353647323885,-0.17992885217520174
-0.15563228805429474,0.10213709655124492
-0.3362228958042046,-0.025010307971674774
0.06590113895162285,0.07502215188096457
0.27518190795896397,0.530400534823965
0.37686230609163923,0.14430981698602466
0.06310020656719734,-0.10225829779025418
0.576296318804057,-0.0516809055489854
-0.46299003356668206,0.19593680923831513
-0.09533633722245964,-0.2813698129000587
0.22864173150756234,-0.19860731201381313
-0.05765602847630034,-0.039814280768599414
-0.3660078193455443,-0.08845102630336522
-0.11723962801147611,-0.15706348874979323
-0.25378578554216574,-0.16003820021376144
-0.48682498965231774,-0.08257256598099627
-0.07302991479537199,-0.06764234508180202
-0.33255870265522985,0.3447532421818216
0.09582274863388938,0.08616729310721535
-0.383408174425969,-0.0558713184180516
-0.21079771598764532,-0.025846047969081926
0.13307263144079887,0.05272624714337807
-0.26088975413619775,0.1433127616850094
0.0810238749592723,-0.09800145905124279
0.22447471829552168,0.0014581139995933443
-0.17040564205881886,-0.09108448772787675
0.11779474662783711,-0.13797071113362808
-0.16924320547742266,-0.2560303579785535
0.28285928887733175,0.1427486114076301
-0.14316360846584011,-0.07986317150644323
-0.12619476978749206,0.11988889228345147
0.3459692401435196,0.5306699477906913
0.5163634435380702,-0.09155757355082283
-0.432768010853136,-0.035842029307224854
0.02429220210342086,0.03552490755071167
-0.3742121317691483,-0.019167228331995707
0.04786822178439362,0.043299892422204785
0.22329311772678342,-0.04386140456263007
0.26608127544689386,-0.15553299290799147
-0.35326027912649693,0.07348346359994691
-0.22723990846034123,0.0034444613031304186
-0.355387034735587,-0.2575162397553948
0.8182643413672298,0.5017292537294256
0.29195376393573097,-0.2319300171283707
0.35182803506152927,0.09879579251220473
0.7139339467543069,-0.3301627172376899
-0.43761007919184824,0.014342156502342643
0.15411257817116758,-0.1467568668585075
-0.10839775584640231,-0.00010426070538225233
-0.3413569370291328,0.0852923099737806
0.6657891706388543,-0.23057455659804638
-0.45773518635885196,-0.04082330274514568
-0.4639149909523501,-0.07292831402180208
-0.2721752003332013,0.04542998833692038
-0.10919015090104801,-0.11949387498556203
-0.32308997072020507,0.28780898035209773
-0.141779361174383,0.38755156088153303
0.1221534126592228,-0.15548889211177797
1.2208581155136577,0.011681907335525
-0.21031019981608193,-0.06123675231210165
0.3293245002494904,-0.054020130986546254
-0.6074506115025107,-0.02599428732134758
1.1658615383155404,-0.37809161736483865
0.12031694297816938,0.2468682092358215
-0.5559810932251854,-0.01736849879622435
0.09945686036743312,0.11107014015093412
-0.4064618868139317,-0.1475703873867946
-0.2793583413050308,0.17114141606079186
0.20075383616456083,-0.050509919521643215
-0.5940652349006178,-0.11740381834404003
-0.08892991428808063,0.23428986902935903
0.49813428318269465,-0.03351268931096495
-0.1775770399886655,-0.3139901630005078
0.6865858662034979,-0.10298301240470079
0.3481019798656073,0.19397977380691164
-0.043906089589953436,-0.0503320197895297
-0.29073867357829564,0.1207240601162027
0.15719650622408143,-0.05582089526380171
0.49774451663005215,-0.09741617281873921
0.5880642755774306,-0.20140383207639304
0.22070059150087448,-0.2811386990589937
0.286925552343648,0.0018959383834542198
-0.21707122983637353,-0.16839333096566478
-0.2648957965890691,-0.0042427961532316445
-0.09794474293204457,-0.1820873849100303
0.38171804976805174,0.104002481106017
0.93312131318069,-0.12621303653795365
-0.34101071929656074,-0.046467145298060085
0.3194349941597422,-0.012895435651570229
0.13623960516763864,-0.026737211059553394
-0.3494966861393297,-0.037858603905304176
0.5258313902447106,-0.16316114465952833
-0.47160316288187976,-0.020584018969668376
0.0968805506490509,-0.07910727022821254
-0.5497249472939556,-0.00895801653768338
0.1733789048463762,-0.22394930078652678
0.9123398676566247,-0.03451504641500241
-0.5189857779035397,0.01785192623470894
-0.060297741816550794,-0.09305457364584749
0.12831364705655213,-0.09861030995985005
-0.07275805423825425,-0.015421657980223467
-0.13113179976576358,-0.03513577092087714
0.07993836508951209,-0.1546040312120989
-0.31364587389402016,-0.18002492198606507
-0.03820717357628368,0.008227722207787579
-0.181260946440376,0.10745717753534087
-0.210627952398723,0.014677515137416622
-0.3913223180680133,-0.04531575448291663
-0.6151377901187248,0.08805499933886128
0.4152272953671974,-0.006941992751489218
0.11458271389695411,-0.09984518329590296
-0.33259929736340976,-0.145707729140189
-0.20406960291735912,-0.09605757666142631
-0.041202292909517664,-0.11941306586066534
1.2541073703578638,0.49995523123518465
-0.26098223677754173,-0.0572931103147459
0.34519903261410184,0.20672469104338173
-0.08587004963118221,-0.2189319182293491
-0.6900718575649477,-0.13262895391705135
0.935146243781495,-0.11145699463485437
0.2593488793941231,0.042153232623623665
0.1490651931106696,-0.21290182676384353
-0.23148105446388706,-0.08104705331473275
-0.4498953446372952,0.058510702147211935
0.8186112504768459,0.12596481148297675
-0.11982165290101571,0.01004452327360272
0.6847897377267151,-0.061769461665054565
0.01650939062595065,0.006834161205187592
-0.02395148471741736,0.1036951443433173
0.038622492592575546,0.04254573428448044
-0.054054851860172115,0.16971852089340644
-0.38885264073900455,0.0069147218630774086
-0.38557114016300104,-0.3506456437623751
0.011676467068606084,-0.3099214235052268
0.05674453619054078,0.08864012108181488
-0.5428260026397242,-0.16037242403089477
-0.42141654345842383,-0.04047513115959154
-0.592573815534009,0.007485715421753275
-0.15664185500133007,-0.040096359980042906
-0.39674965921501626,-0.32813873739517596
-0.024243585139815563,0.2076444032682568
-0.3536101335674088,-0.11466941190311564
0.28195974460489986,-0.13175181801052954
0.40492249615859965,-0.05848005243482017
-0.26848991956068063,0.1158477993740499
0.06390041942629626,0.07034186298802017
0.5003720699062688,0.09926959605347052
0.09417197687858117,0.2428542206679662
-0.4437390350021661,-0.04123149151539257
-0.17193468060013464,-0.1621188024101914
0.1483416951588146,0.2910514228842066
-0.5448607235307894,-0.1349915703130432
-0.2766222448606502,0.09105470649555696
-0.3059452459970267,-0.015275310608866824
-0.2999668412668048,-0.004368919435405374
0.39227570026671443,-0.0717940325344636
-0.47631777287438004,0.05294286522881959
-0.3470701744745953,-0.10996429678630977
-0.3559382039203443,-0.021986710932837397
-0.0764461719024876,0.2459142747643499
0.03877048684200648,-0.1373005310493428
0.7345661207765345,0.22059364617312702
0.2815450998490761,-0.0884398568075228
-0.11071614473486789,0.04670436921846576
-0.5182490849822848,0.22769587502278799
-0.3535025875014818,-0.15361560730380996
0.10712789150160124,0.25354701130553164
0.06054644244578477,-0.1703771498391637
-0.5469682489389457,0.0055344346269450406
-0.16095589042408884,0.4261750066634349
0.5314939813203293,0.06149054569806481
-0.0706349598365767,0.09288870842068925
-0.1502638000361059,-0.23842281664972984
0.4939477786044713,-0.14098065595267326
0.7490725451220324,-0.050154777209715805
0.13748146892893537,-0.20009452323487867
0.17811503908426768,0.18912244563564481
-0.5829588075293348,0.20945997514012668
-0.37419346652835817,0.21643211418244837
0.5795386359281323,-0.24520128662120316
-0.24057383081279524,-0.1017909520945136
-0.32364857451118323,-0.012876610227845418
0.9869345027426144,0.01236655323000737
-0.6936240317674333,0.012442725066754942
0.8563663757137068,-0.004056557627423492
-0.5027271592371552,-0.196850574169965
-0.21245955247279233,0.06766003451172432
-0.1523914907906852,0.019266528816428583
0.06160713517675971,-0.10132459367268998
0.22490621729005977,-0.14186889175119832
0.10441085683009937,0.05321829257340209
0.16534889215052637,0.25152749410511716
-0.383648275177449,-0.17380373491632287
-0.5278034180768024,0.03676892705462665
-0.06060642661198817,0.003417093695824229
0.5124880223568659,-0.25649905552220625
-0.05589378253596766,0.008788507105537104
0.4726161468606079,0.18842547349989025
0.6851449093289255,0.08138581846471868
0.04795595435030114,0.08505941656563835
0.07416126869777198,-0.09883856735503209
-0.13592637662394258,0.5272746878575952
-0.3929979838077285,-0.09939134595558301
0.13054815577205978,-0.05119199159385309
0.21389032847196057,-0.17114965169701207
-0.5105832821131562,-0.02741395544126845
-0.6081453896662684,0.03937672224769886
-0.30714610522731184,-0.05031744151719769
0.33658128626733436,-0.08882111380626911
0.004280201152772968,0.09693726880610533
-0.36637300807558254,0.044246790200561006
0.35050951006497416,0.036408873428809364
0.7103456055149799,-0.22685587204177424
-0.3927719751597724,0.10503318946368283
0.03575189251141766,-0.1911834593240213
-0.503737578718179,0.38614403359667016
-0.34871084823727455,0.18370380353202115
-0.2538973868725056,-0.13433871322593463
-0.10037198401669804,-0.11407960459382294
1.2008686577704404,0.09722907242083725
-0.29055841096881513,-0.008201113569555708
-0.10695643528610568,-0.11172248509758789
0.4232780365806697,0.1458333726537498
0.17398128578349772,-0.029286540788255752
-0.07738024165605169,-0.24065937241269972
-0.3135007764074963,-0.29429920700798856
-0.1770879050872486,0.014449393449418936
-0.6397485826988466,0.06703476630586071
0.08133914811058669,-0.13248319802125352
-0.3606855830821981,-0.019709471039148132
-0.02844291407300393,-0.12544451652516153
0.5003782781351546,-0.17390583977916133
-0.1974140632371553,0.001170933729306458
0.03325690945787403,-0.20639943841306202
-0.1859434623089787,0.07905042416729224
-0.5065407353617097,0.22442340749236733
0.2957154851845456,0.04655175737020954
-0.08872440168006773,-0.14141831370394994
-0.20351435109958815,0.20100420003899588
0.34920718667522366,-0.20186132952095698
-0.18928019962474088,0.11799031926372519
0.44042498851803047,0.039260952285890216
-0.2166976805511293,0.12140356446467032
0.29759949564826316,-0.024782306464061883
0.33396464801871484,0.0627796118907141
-0.3537695661465869,-0.11442461923706329
0.03676563813045776,0.03442964780867822
0.39190601508109457,-0.23466125058407447
0.0779754035291951,0.052220721547500265
-0.33586474457785526,0.21860280275581945
0.2785091051613881,-0.2295105288605388
0.12457940494672856,0.5377239649843346
0.10146474876843023,-0.03924325769750271
0.11942214319867488,0.14236131430974935
0.3328210030320427,0.4688262872691157
-0.2880004330076762,0.03872868811638274
-0.5868324115300296,-0.10069367860170501
0.594000150660463,0.19196025029593247
-0.14367685873482486,-0.07754387338447996
0.24184303473372726,0.029112192252958996
0.9783791498279666,0.14876027099899242
-0.026352033163948244,0.16937655056863835
0.19650587116325402,-0.4691396364618968
-0.5996735207049693,-0.10478122074921323
0.08306460169848369,-0.024870660282140945
-0.4485210466036103,-0.16507180692054102
1.0546572903807019,-0.08600488917829183
-0.22110571078822897,0.01982127235282543
-0.4652121982479268,0.06445026624168938
-0.5135224957028887,0.13545150223100788
-0.2546363657129777,0.19390357181343665
0.2905466394149739,-0.05116908517776769
0.05396694618733427,0.21294154138194604
-0.33686097250542724,-0.08748975607340677
-0.06699079664752385,-0.08633765579675778
-0.10333588787802825,-0.16181653478160524
0.33917752116696476,0.13475207530719796
0.0688878031302607,-0.13408838015752317
0.5756389575971165,0.18709714524107482
-0.34860669493523866,-0.014437700245572354
-0.5838028863886182,0.07305402211998671
0.6452804165991518,-0.05907486296371022
0.2348515762491465,0.0028238129655157526
0.5151045013591777,-0.006485881653597593
-0.4683026961732554,-0.12851593541573747
-0.17584694210154206,-0.010907904347353694
-0.10908077423141475,-0.047095401909041906
0.43317220865680156,-0.11862935672542284
-0.16113023049513459,0.005440816500040983
-0.1761873357165612,-0.14192764294035828
-0.3883159016793764,0.06835363669378826
0.18951677474236656,0.3780043221552414
-0.11460434946853144,-0.11687217936611685
-0.4388625074273967,0.10211362863588759
-0.5697487595206855,-0.13904525925380562
0.769559649606877,-0.14285465347207837
0.31413634670607876,0.02965547158889314
-0.6292742005439559,-0.12373402362315955
0.05218565894194947,-0.15080558645530742
0.771853761146852,0.48119577835926464
-0.14529137081032883,-0.10879476385712607
0.05166972450156413,-0.09598027656147315
-0.1689641385554763,-0.15343400569751947
0.2760020514178732,0.5285632115436605
-0.4747465536084658,0.19084678889718032
-0.21652684952090093,-0.002532861954766213
0.546032024753105,0.010979947014064795
0.014839211384003011,-0.2240008585390217
0.03886655420341147,-0.12767298467654017
0.7469242242968417,-0.16989852454753768
-0.11341896378227001,0.2624122959912163
-0.019738401811989405,-0.1188347566250073
-0.17939504410873733,0.03844262221517654
0.1542737471444417,-0.10386612775858846
0.8310362864852309,0.136039661836402
0.23815872169952548,0.06865790241102235
0.4300988132931993,0.3686029691376637
0.08539205462769417,-0.026702919437861263
-0.02780234733990799,0.10027099433805553
0.6549230530280359,-0.23146685509086284
-0.3035071434884146,-0.15051945786175622
0.4678065390650452,-0.07017058356980035
-0.05652422271485103,0.12036996457658598
0.3649592509091922,-0.15276031058910197
0.19459263028223545,-0.15101462935124949
-0.07470598348815234,0.11917376664672508
0.44714590135970383,-0.049739880603105725
0.1545271883616455,0.01743149922051682
0.3638865176958037,0.03067911892021505
1.153170520963062,0.14506768599318984
-0.010764991982150978,-0.04788800214676682
0.5016944424405758,-0.06259761832170674
-0.3139120451663693,0.2138619995631944
1.0911515605395155,-0.05688049007196984
0.042035763435610336,0.1928209741571688
-0.18969469222470411,0.10901751296942398
-0.2104668226613068,0.12849415623135552
-0.6472798596050194,-0.38191022021321025
0.1225976845319459,-0.028939133678664852
0.17271151229705614,0.5498347101137354
-0.4523080507118212,0.24684742081108485
-0.15242697712475695,0.004738405624635682
0.34211097807720225,-0.06581907823561706
-0.21749185040101607,-0.09876932157854057
0.44394327759910684,-0.06788781105719788
1.1741202567578395,-0.19284376618717236
0.1539561844009341,-0.22009008894348128
0.4994573828992789,-0.12201563886412115
-0.5739066864620601,0.04153726496069409
0.5920813145324559,-0.2373921762998364
0.1478104752081131,-0.1410366701457304
-0.5303023912768058,-0.023705182849028773
-0.3172731301538205,-0.15789907174714765
-0.17478747937286016,0.02419048607411677
-0.7545095008271576,-0.08012377425535908
0.8879147578756829,-0.17355001652274216
0.297481696209595,-0.03988262883287861
0.08822858107347469,0.04094144601906418
0.04921912304295322,-0.04056674022638139
0.14566321122501383,-0.051497478031623765
0.5122394384896091,0.017051763168092364
0.3134111136161037,-0.03476938874305887
-0.04258432810440403,-0.027875739849683414
0.04217466640528121,0.05142658383923802
0.3357275367817922,-0.25390861719355096
0.3974444973798357,0.1387596561434838
0.015066004827232044,0.04111849165287414
0.14466213703876535,-0.2988225669900872
0.533820710033293,-0.11324921889228975
0.12400142402318516,-0.0028945934870496493
-0.5407763331958462,0.4891865220995227
0.08807187931987631,-0.03820265483479131
-0.06568467579409065,0.07315993710202803
-0.08945829044986835,-0.15062895997885836
0.42831283024029837,-0.182860699585219
-0.6502825578388618,-0.41957819016855086
0.11466258713286864,-0.0765051094913508
0.05624883931501937,0.22085719124541797
0.2762725472558592,0.26739332678873945
-0.04594462196491973,-0.07416692824367511
-0.6326860070475528,0.006083335357477511
-0.2604078600597443,-0.08974971625857385
-0.20911782964345654,-0.053438982897484937
0.2531954876325669,-0.14501731387097808
-0.3936678542947346,-0.08864159744440878
-0.636969114298838,-0.13005417971234076
1.1388454390155973,0.050804283490475007
-0.34384947087837725,0.5424348746184909
-0.5267266226821384,-0.06863158596392034
-0.529358130844345,0.19884496962105871
0.8075368476851007,-0.11400883659399567
0.6925989435211551,-0.1846065798501985
0.05666118590959029,0.06863143004764
-0.4427423388896031,-0.17074654236173817
-0.6103998434914417,0.13057109559035535
0.00025324847912045276,-0.20326957667292145
-0.44275784039816213,0.12383057717406347
-0.7475552587705918,0.11677338721425723
0.05559503643563271,0.015706873554428426
-0.6179700315507788,-0.09790418760284005
-0.1518281246031534,-0.13052743289838045
-0.514232723597768,-0.03429416903150812
-0.4106755178886746,-0.08649138906173769
0.4004814146019994,-0.21648804408561115
-0.06413658044797939,0.007353605839984541
-0.6297316203256383,0.0035902630015273943
-0.18126211294540295,0.18457832863040816
0.01845149189101335,0.11258627084838078
-0.6005794124611842,-0.08271456189272758
-0.02152575683480679,0.18415445496210228
-0.6337831680654967,-0.2075270404076497
-0.19181104351892395,0.07182825697300534
-0.40621058303303403,0.049955810628269356
0.6227542565480007,-0.07135085936119352
-0.32073450079133936,0.11621488028279374
1.2451212593655174,0.07524351967021185
-0.42686799406370857,0.048574802006314005
-0.11152068702444884,-0.008046017942678308
-0.5732945978689806,0.02050561790492246
0.233311470230183,-0.03885994175471534
0.1348810512613065,-0.015470058796152403
-0.07509804242412849,-0.1108210350188401
-0.24669797716720607,0.018716186914701956
-0.31249847221895477,-0.013019952304521895
-0.4846867068172214,-0.014555686949826938
0.19210777262427292,0.08400839469040333
-0.030324804074842535,-0.08736976329608048
0.8274575905781356,-0.13423964131124208
0.07410076179842932,-0.3201029716700521
0.6402301431496044,-0.0973278338315652
-0.2887941160673906,0.05200688667915446
0.6288137655347416,-0.2491685941976427
0.3491951015491247,0.059693308810659235
0.16752573883044183,-0.16729576776105615
-0.617896773005636,-0.09452125523122334
0.15624854794537596,-0.06952605163347103
-0.13555938686495742,-0.18687311270639329
-0.3695622991905967,0.10987760912029121
-0.4519468589731589,0.03267023982778085
0.23021627508924708,-0.019571790199741715
0.3127290051609676,-0.19231626586305092
0.6745365230841441,-0.06870116242379275
-0.04605126040138686,0.08778523753697365
0.01253179165862774,-0.017959372228639116
-0.37876904947514034,-0.08987338180555808
0.9140938050722747,-0.13071019520058227
-0.31079814464575184,-0.02325907448887601
0.2057475164238646,0.036678714182359726
-0.3609854765569176,0.46197778452096155
0.3675409870479927,-0.08979724829295378
-0.12020961088467126,0.11783307192436375
0.41013559659292326,0.5391364540835705
-0.3829194698775094,-0.0843057095223667
-0.5069315708334287,0.12125296972797298
0.19262086533849648,0.027676327133127225
0.4484224169245571,-0.0420251434100431
-0.27987771933253996,-0.06366931379416699
-0.30471254614339893,-0.15587155898832522
-0.5901839908839659,-0.22769818950068094
-0.23258883228723698,0.10671698362715412
0.49496081960998206,0.028566131332603786
0.3910372040067915,-0.10500647968915791
0.1556487570699017,-0.32311501144934446
0.17944323517167607,-0.008560998091853587
0.4307974156689311,-0.10791622056555744
0.5312669596196196,0.3606438985758148
-0.7349828776249387,-0.18567596007877019
-0.24418865742929197,-0.09023492061863238
-0.4690026392533289,0.26105336282589564
-0.015730779791394724,-0.012433324811498113
0.6300856315654312,-0.06731600000593851
-0.5754078755934634,-0.06457327296363709
-0.40825968007769886,-0.29265364502857283
-0.41330126968743847,-0.1032668978793544
0.04300149867221798,0.11307793298895223
-0.12142151517908462,-0.06976249515730443
0.1741415172987994,0.527139945341688
0.08395516694754387,-0.3736953729014285
-0.0029587973903903377,0.14297327887466274
-0.2748229538915235,0.055148038727496185
-0.21256931006079813,-0.10341313773309349
0.4128189219161137,-0.04552598884083069
0.5104542398196714,0.15773659653453478
0.13010278710484718,0.06481153159981842
-0.22541586219725343,-0.02527099950202357
0.2958998874166396,-0.2088829463411151
-0.17448988471832108,0.10948257939675181
0.1284462846348204,-0.018418294835650967
-0.11425101877396508,0.3044399784025634
-0.09599249193935164,0.08528343958040029
-0.11967731509936287,0.0755688070699672
-0.3788937751706853,0.13228174529845607
0.6648623854365717,0.48420939635979254
-0.5579615955049324,0.04019306738991149
-0.49418095293969694,-0.021494728300717057
-0.23042144483505686,-0.03482499561276376
0.2173723442436628,0.010727829045522016
0.9981242759620003,-0.05655960019422708
-0.3187060949705856,-0.19724717959732674
0.16764140558058993,0.04145958099903301
-0.1451394738854568,-0.17707404778712554
0.641978708898126,-0.07773159760661333
-0.01656613167622018,0.06680882878990185
-0.13092843326835385,0.1465841753498201
1.0130230660448094,-0.08408847638183083
0.4493693701397224,-0.14696678399926985
0.0195520772949384,0.1372343255894879
-0.2387301311135064,-0.11080680531941835
-0.07516914860073322,0.06905326056095537
-0.15909224570425662,-0.05293899906672873
-0.308457982117401,0.12669827812865284
-0.27434247837439135,-0.007273717063500013
-0.5933546659975462,0.09043985335000582
0.3056264289975436,-0.054081044148319005
-0.15561817878089693,0.20586442436039856
-0.14683065587051622,0.03713038844955526
0.3840868345786914,-0.2507526299890791
-0.3664491898391327,0.059699571967351574
-0.33009930491679784,0.016976721930247258
-0.2503674834147501,-0.050429401109885245
-0.16084879096789262,0.3127437479149702
-0.048044179096687456,0.17928475557289203
0.6185768547241731,-0.2109992738435809
-0.4450832603536614,0.1350169286185068
-0.036441716189011555,-0.19830719499081417
0.3647105922278008,0.1440384964632866
-0.09833632518767121,-0.13435236891143107
-0.35579560621591466,0.1327380350184454
0.030685304606791385,-0.0017048837675375358
0.1638104276754505,-0.03187903662724587
0.18314770104220454,0.05078144191286974
0.07015163571541064,-0.03474091240708375
-0.546656006116612,-0.049427611860607144
-0.36138453970282575,0.16055883405205315
-0.09741130788859083,-0.11171840199699178
-0.32787937812400986,0.22319309190447378
-0.26076313741203533,0.3414176141465825
-0.3932643011888445,0.046881243277183
-0.13792481541094945,-0.08688278472446492
-0.4171537828247227,0.022061148738449454
-0.23942815413989782,-0.009743587973944293
0.0024609702548782125,0.34284757814448497
1.1353155213747734,-0.0166685728334592
-0.5535104436197993,-0.158002559808547
-0.025966855517731063,-0.09807438301546163
0.18092816131582673,0.04624052413087747
0.09379868052813489,-0.045467450059278325
-0.45746361983969536,0.26837426245000057
-0.5140560515177774,0.04843387006892284
0.2539214342350042,-0.21934556740384692
-0.21244357858405932,0.03249815589749161
-0.46173348864427316,-0.12189015208833202
0.2819866780693256,0.0009103867932004796
-0.4081203470644634,0.1315607278076231
-0.09981917104929758,-0.040268318825338524
0.35654340712843924,-0.05660590600425258
0.004027973321705105,-0.13789209153957513
0.16139440232575786,0.1328597416777135
0.20267890677364045,0.02554078333255248
0.02947225245366326,-0.29664442946029146
-0.18652460826294712,0.04591090167517419
-0.09059263610977346,-0.06588306811742803
0.162481530729925,0.32010386747059977
0.32325999586628296,0.24070775869738995
-0.5272413584731731,-0.1536351012631156
-0.16423674954857517,0.07450223527070131
1.1277155700508321,-0.054270544944739305
0.07865698395067544,-0.09830771390487036
0.17929171786229628,-0.16026281739161216
0.35475410380283556,-0.07945000639170635
0.3529581231815193,-0.06691737725042318
-0.23372837956123463,0.0738011472043394
-0.23353752460208935,-0.2513584223230434
-0.5227218326135964,-0.01584260541964898
0.13874080426823598,0.46050851785841523
0.5495790995992926,0.34684437990119366
-0.18140099360247167,0.02038790866335028
0.15809994750033315,0.009908241397342152
1.1025790846574586,-0.03350854603744598
-0.75198176835014,-0.0009862694709883602
-0.18151972337606823,0.5471077364322835
-0.3739894207634862,-0.05345047650216305
-0.6190580510855263,0.14924330374422073
0.09110839847227455,-0.08023753304818002
0.28395456352532195,-0.27795999783412156
-0.06182995691267338,-0.06419026239541431
-0.03917102137345504,0.19864321410167984
-0.28938856519337136,-0.012317201533877144
-0.4585254655787994,-0.2221296298736116
0.6609533761781682,0.03465747737384304
0.511118915764431,0.05601865288040759
-0.540684370622561,-0.10411734912309169
0.15172110140817338,-0.11723518484932118
-0.08301052456127095,-0.13638318236280172
0.8186970703519943,0.08364140563587445
0.10062385442525677,0.08092524334525597
0.03689012247857951,0.0121659293674872
0.515593582230339,0.07159965517107207
-0.30782937460497584,-0.14189035417788826
-0.1545450936581118,-0.22024640281156543
-0.0027400176847459834,0.003021030404590252
-0.5592484364970307,-0.019437212211467818
-0.1783694782201794,0.09102475393032708
1.1932524313391486,0.028498624116809868
-0.12857341575864786,-0.07882010090801751
-0.17348482223038836,0.11209084119433715
0.8563260728321938,-0.18644723995010953
-0.4049365927937883,0.13221170069726865
0.08982850976055545,0.33597845240514723
0.06668692752541772,-0.05991144270334338
0.6111721707607437,-0.1251967903049012
0.27628543535646277,-0.22405016669330854
0.5179339516613727,0.317934979520027
0.7485365923982221,-0.011467287524305656
-0.3124929297921166,-0.09044893074966343
-0.4326339055512232,0.03351918952888687
0.7862287514608747,0.11747323942373329
-0.4584076747407006,-0.20174003834844537
0.37265235598089624,-0.11350927994428467
-0.45839351324135935,0.1336537332079993
-0.29927408075474643,0.02643924915563209
-0.09939526065154909,-0.10238594050267512
-0.41334099307820404,0.013073682375477196
0.34407886142822885,0.12206095059426415
-0.0562148776998651,-0.16070097351681017
0.10084489032793027,-0.05886827517797692
-0.14267646484974458,0.060006368480454576
-0.44732554226144644,-0.011177219905192853
0.7714689193560851,-0.02604338669169961
-0.46526304679344244,-0.19130530967179654
0.0071077791474773765,-0.3181663639314824
0.35665939891122084,0.2594107151426483
0.0889123062694401,0.040745788762026766
-0.2883923705751691,-0.02396689363665062
0.3233880390326823,0.023462996074323398
-0.11877121728945898,0.09138795518808006
-0.3982051738400225,-0.13445609688004193
0.2909855669099131,-0.2736946443654764
0.20106193503237724,0.00813877891153284
-0.046142363349149146,-0.05235718343439267
-0.22137189855967607,-0.10177097097627616
-0.47569606516333146,0.0683459485686019
-0.12074784869409945,-0.054296789414251895
0.5481255782754555,-0.06913883737445206
-0.41213273150774093,-0.062060389188343695
-0.08309121584421572,-0.24317749207916103
0.2589084600454713,-0.08741908975354641
0.9684891070551158,-0.13118073313958317
0.3648032223652277,-0.11391133645337101
0.10406229360777329,-0.02855577113227939
0.5057026253478235,0.014587285959991906
-0.3939207347000999,-0.10435636731585261
-0.4745812926113409,-0.0957810435326622
-0.38192397241429704,-0.07399193517568271
-0.3000241050502135,0.01496972238800351
0.32707282549149863,0.535013398755573
0.9078036465039835,0.011531592058893248
0.21509877777658729,0.028328461561959145
0.10022902164610982,-0.4256823191716505
-0.42022896573576857,-0.21522477819891095
-0.1646947279480041,-0.03902128787287107
-0.19028959321612776,0.03361679618642839
-0.7329450531996238,0.000676636641780055
0.10289581578109565,-0.0899791412437189
-0.15494033285224032,-0.17608816198195268
0.05451238446303986,0.12463649426264849
0.27920627088236155,0.13439907865433107
-0.3560410194702476,-0.1123373689062879
-0.3704093542856122,-0.002868408472737496
0.5623151273713369,0.2856458661396514
-0.4395728598403879,-0.017943298358160536
0.11025769336572398,-0.2655522902987512
-0.007899470915476705,0.20442604974522743
0.04515510981234009,-0.04607055685367022
0.23022969897865486,0.4692599525445669
0.5964452030793586,0.16242623651345148
0.625402822212584,0.20398767233815027
0.1768945856354022,0.29603997433278656
-0.027201123948973956,0.17631047673269762
-0.7106389694803119,-0.05725560226777997
-0.40962229919411147,-0.09558681460426446
0.250703421340869,0.30969438229128904
0.564205079932902,-0.04720436031330588
0.6330796162165025,-0.025241927428258055
-0.5399763343320779,-0.046703003817967874
0.499981562943599,-0.061366285363071066
-0.12108792424741392,0.01893202538783095
0.3461787989246524,-0.075449581672575
0.6581580863720738,0.26688478265100996
0.08215150337128535,0.26254717705323677
0.008619124022121278,-0.107619803289328
-0.08811232655240295,0.09340611880809688
-0.38707591097004734,0.23586087625533222
0.3048081557364687,-0.2022801139271665
-0.15334083469300683,-0.12299624453461097
-0.1955447210856266,-0.05998775410096692
-0.4509060212483,-0.05499276538638415
0.007797881616848443,-0.24037716553712193
-0.2976767082816209,-0.06651749569841676
-0.6289389152139226,-0.13716167236376728
0.8103225445910615,-0.05671039343865925
-0.14543396316992407,0.0045575162103900875
0.11988383769014632,0.2862237523164081
0.05474618241664014,0.017660426564258692
-0.25417043229750724,0.019371105570832357
-0.6555385714625966,0.22578853370658275
-0.02384611363972936,0.09990352209680915
0.23290050268992762,0.5355916196234478
-0.3775157344831332,-0.11252233636840683
0.17130570037469833,0.09369307367746108
-0.4486817398083035,0.17557046092594097
0.020070462215286956,-0.0053867798219758845
-0.2314703491365807,0.31556155382134754
-0.16262999013988297,-0.014380604193844014
-0.04199255143110901,0.10939353448225735
-0.17839090116442613,-0.33558296787514713
-0.38500654109291366,-0.1196143609326882
-0.33567107703062327,-0.10789880957187571
0.32413103993271436,0.529606378920729
-0.34640669285910436,-0.130369022183702
-0.5335288065351688,-0.10593211271423654
0.013992494759098724,0.21413704325033103
0.898314927322424,-0.09583673565490862
0.2839594916161844,0.34501722089529624
-0.3440691107364378,0.053291198240189686
-0.02376213790002283,-0.09037543749962576
-0.14531587350274647,-0.006686291957782134
-0.4240763487597474,0.07262951968290196
-0.19335553737386035,-0.22317555190510605
-0.4186930793659604,-0.131677085956472
-0.24073586132580166,-0.06760757880989984
-0.08820893312425686,0.005802279781500593
0.4883787187472138,0.0992911174869216
0.31913419745021454,-0.08482975809381148
-0.09814461843901445,-0.1043509570886554
-0.5434428734840472,0.00723695695090472
0.43434891686618277,0.09699248371571009
0.2773731654000427,-0.240345664765027
-0.2699753367943105,0.19230994261650744
-0.15482636042564002,-1.0028575592267384e-05
-0.500140957235844,-0.2850987642980905
0.3095162397662523,0.18649203662615693
0.2361194365357756,-0.016785372281809197
-0.08547940065373957,0.1344959137909132
-0.12109548452139819,-0.04064852516785994
-0.3866221146689545,-0.1880076080575116
0.060664037124909136,-0.15121000578217397
0.253052629543535,-0.10254389708694724
0.3535132077798577,0.20387082697881187
-0.17847789479674472,0.09407448232648778
0.08785786131926104,-0.0504503449579643
-0.01698251502023191,0.20225021088753511
1.1546358611613279,-0.05683255364922294
-0.6213246889061862,0.027512241288145448
-0.09788923720711437,-0.06595434627267387
0.38206744920481833,-0.09276728124068885
-0.5091073625084066,0.11575744394546995
0.20710504363378382,0.12187460819058211
0.6675692962440575,-0.04027308807719457
-0.3014926812728791,-0.03195131200407025
0.06744771565889292,0.0007098224792905128
0.03145996823667749,0.5318498222490572
-0.09535690132787855,0.15137813856404905
-0.4004954070819103,0.15938244248552785
-0.005642145142521318,-0.17707507036198905
-0.47877731146586666,0.06969661838609398
0.18264636761935693,0.5237038146069768
0.9611257872470249,0.1417640672558906
-0.03954800122422786,-0.0416947443323547
-0.6019525221615226,0.08182566001035486
0.21310255898646102,-0.01058978181126958
-0.09918218242471749,-0.1504365466614943
0.693698556484766,-0.16378006390790814
0.41407479629226185,0.4509484094318695
-0.16057891532221585,-0.07124343311824094
0.002692887511259823,0.5422207424604526
0.5849799516316943,-0.1380873820112863
-0.4518481050508144,0.08771552892903098
-0.3084642854689975,-0.14094375368657786
-0.06527807193361097,0.14601623689616075
-0.45802079614399605,-0.1559800712968384
-0.15744308566099544,-0.10576412650478545
0.2198712152881472,0.45391547185059145
-0.03772159591038144,0.05866699276759971
0.14249608422414525,0.26448016456257
-0.08584592195858592,-0.10890451565962209
0.3669992773350497,-0.1173812549248272
-0.24731756776123281,-0.08806537265172765
-0.11944998141663894,-0.09705042777490314
-0.557390489778482,0.04895365119105933
-0.5756707126159777,0.05806604547488543
0.6678828516801848,0.07525804665667947
0.6678653302041153,-0.10781969895945166
-0.06724323657937431,-0.05915372330323522
-0.08184011865904565,0.10327749818084427
-0.105799001430375,0.12768424004984472
0.5460394480531654,0.132602820799462
-0.13292591745566967,-0.04949244832718797
-0.4854385701530272,0.06460546311881304
0.016174897289049136,-0.025558356813321328
-0.32999094670239176,-0.2493258111960085
-0.20969212382680874,0.09278618581392313
0.5078461510522908,0.0670854745947487
-0.15158115967728547,0.04901493775014912
0.2943026278320334,0.14543134069403302
0.12363552758116018,0.013096698628716647
-0.05967891218950023,0.18106889547569086
0.05196098422572144,-0.10147460129640445
-0.23908539604482326,-0.2271764263998243
-0.2303716297084836,-0.13453981720503716
0.0567586139903908,-0.07018459515928238
0.3718051411882255,-0.14341224434559516
0.3513279356447595,-0.01210165230474388
0.3111066630349263,0.1558303900362702
-0.028584872731543833,-0.03721399670225795
0.3199770569184862,-0.04740589170877599
-0.004606358743199688,-0.24715837055506845
0.24522413040157023,-0.12991715576626797
-0.14719307362712988,-0.1282082024842232
-0.15895059335610962,0.052634637238327626
-0.6346555584412987,-0.09472720667867976
0.028222234148631637,0.00451689757085203
0.23856700483071558,-0.17406343454070486
-0.39690911871428913,-0.08587829772458049
0.16492039961334076,0.07938106000079606
-0.4090972579683292,0.07844358605459952
-0.4321080667498101,0.15058223679286845
-0.3581116922531721,0.1528225131410962
1.2388019281729732,-0.12260024229071478
-0.33894550261377976,0.0787199807429931
0.5807120798903836,-0.11774025956143944
-0.6172294601091665,-0.056791229880716707
-0.3540377283774706,0.14315353399120795
-0.30912154491019894,-0.130926707259368
0.20061103818438797,-0.021078951922373863
-0.172508991399644,-0.16337953281036177
-0.3415030060006526,0.15594046731802563
0.28253522075978466,0.21933358587291515
0.04134743535321932,-0.23233939184974858
0.5822799910036666,0.24938365424532727
0.1829212803183803,-0.19291207645181016
0.17275680862931644,-0.07755957322429628
0.17843344531712993,-0.056941948054753576
0.165142983353082,0.18731796114112487
-0.211120643818001,-0.3523427034269214
0.0532996126555283,-0.16189614943238367
-0.11930950811621208,-0.07591768486183176
0.3627187594572685,0.031037723282209672
-0.019600538413592068,0.12360721317301931
0.5898108077670144,-0.2703978667625167
0.6658447548812914,-0.032724884197039825
-0.1567469545716355,0.25661564607510107
0.3626256972829592,0.044113508520417836
-0.5323614207522445,0.13075847591919804
0.529569896542164,-0.13179531328566055
-0.24779119306033384,0.08479351519971132
-0.4269789023125225,0.06638696792015726
-0.02825701646745022,-0.08559103166565092
-0.23001059124385004,-0.11220281379707886
-0.004430846120033455,-0.2034444313005433
-0.11927983801677758,-0.04331926073724627
-0.08286974327747909,-0.1094395606808487
-0.32434021329324014,0.06918418176075082
-0.7250080172948854,-0.03758736244836593
1.2189682716454289,-0.08913317462755917
-0.13666177605770488,0.15374521356682747
-0.46387166384656237,0.13485894583940428
0.296749899937138,-0.13201781062617807
0.12609660635239692,-0.09915696267527065
-0.05382238782647813,-0.11959867534201947
0.13625198908059846,0.192487670730973
0.399637345399766,-0.037006424944764416
-0.10304549301003721,0.09343549994447381
-0.3680155326441932,-0.15657294891579393
0.17497052758299853,0.24787970404399806
0.25197121656358445,-0.11890190832863724
0.8814328371085667,0.016892841345597806
-0.3546470586711589,-0.11448581185890172
0.17654127581383688,-0.06738873062663545
-0.09611085541432826,0.0371685702362235
-0.16301032928124012,0.10051445608435539
0.05443261961980407,0.15306910137722418
0.0022019343533830065,0.030809854859447188
-0.7576691664234297,-0.17904565523582236
-0.5764920483503572,-0.04790565772354122
0.10192795809158511,0.04785010122608994
-0.0024244177083076897,0.023073747658224564
-0.0071180705989177745,0.2128413372259905
-0.09538516002251897,0.16257099686353868
0.18575092460798742,-0.20950497392754255
-0.05436751519500635,0.38738692974902744
0.545162107520517,-0.11642921547681785
0.4149260881594022,-0.13184844437924795
0.2187974987493288,-0.13580939663742247
-0.3165076647278013,0.09397640500839294
-0.17390670764723865,-0.20941315583903253
0.03607117074142367,0.07907873150795337
0.10165774955829625,-0.13019382375884606
-0.6094695636780283,0.0213336765682831
-0.2494380163035325,0.024955969975034294
0.700995756284705,0.06470528677840465
0.03452821830612476,0.21344459356178927
-0.474058836180759,-0.19592938996509596
0.06574007417717641,-0.032707236678111144
-0.40012458335579887,0.19546328452687076
-0.692526765147951,0.2624401637481226
0.662986589782944,0.03877207379605802
0.26333746210942466,0.08528660751289824
0.2215995773194969,-0.050800003251959824
-0.16298630646213227,-0.17025289234306862
-0.6318903464525008,-0.1274429351319686
-0.49615170186462515,-0.16670586203779905
0.2659523673101374,0.5270810358902569
0.315696410377401,0.09428857908752311
0.08395459897044348,0.004850286698665976
0.7474636531418793,-0.13561017712068077
-0.7113875140631581,0.039272571544986735
0.264251626674238,0.5013531330042755
-0.1839467131240811,0.28217632191526765
-0.20558262083737527,0.37204532122168854
-0.5175428547964352,0.07654255803022303
-0.0942763500515972,0.04812418603313836
-0.018719388517406815,0.08120967547019593
0.25737291933181144,0.20198776381351688
0.44254015320840145,0.2889794559644172
0.18563771104339344,-0.08617460343180844
-0.2330437200533793,0.23382002597727788
0.25833637353657696,-0.06773701271684972
0.16439045579799139,-0.01075576147473501
0.28361919310848155,-0.05258079965814937
0.25382509530322367,-0.315679720904681
-0.018147430003908734,-0.10708626807284043
-0.015059783242483495,0.1025846723617994
-0.043905083808759446,0.3077344009450696
0.916054194320664,0.49204348368334877
-0.6616647816475566,-0.08909069268521046
0.06018174386172908,-0.05772401788043193
0.11946008038280154,-0.04994712551730126
-0.06209948121162369,-0.20039277773716357
-0.5046608305089767,0.029364998783061282
-0.6883879238392616,0.09773371249946582
1.051931448100444,-0.18836232687954088
-0.12820714659721813,-0.07338556119656788
-0.6622673109938616,-0.297806078703688
0.2332516090666628,0.05715082830582465
0.1535767840780422,-0.005092143504428104
0.033737545820558254,0.005090229938889693
-0.06448676634403748,0.17859826961096262
0.1580037998854564,-0.0748371969553478
-0.05845237817927143,0.025734216753844734
0.24567093806802043,-0.033423404121449535
0.2638378062502029,0.04899601765072325
0.22917422792799755,0.004847492899287965
-0.28950831987446324,-0.1778425012236584
0.49514281673418675,-0.1784123178723073
-0.3020460278789641,0.07481043506897968
-0.07741526031194484,0.1103697277134524
-0.5632171224602139,0.20991187989841312
-0.6063556236055005,0.03524446079532722
-0.3480916770952192,-0.30523955990842744
-0.1416843800223153,0.03700523051380939
-0.3221564738880879,0.1819831817526152
0.0027800000791913786,0.07402173462611544
-0.5559880017162536,-0.05957297479015673
-0.09450953896715177,0.030515411150256348
-0.021751224557097333,0.02412736596616084
0.0004735937333566389,-0.17125341921847712
0.013635245950046794,0.22293693808397294
0.05093214554150432,-0.13152711914454512
-0.39609871459106716,-0.0980654530309159
0.46692646552678746,0.12443545572387278
-0.23557588051421469,0.12000998095282385
-0.4067238215833038,0.07271428309727082
-0.42473534806050744,-0.10737718438953457
0.27739941622066583,0.5285163190569423
0.23608231896175394,-0.17909226557759167
0.8779020001195679,-0.19402515970532896
-0.5651846605026543,0.0365260056011168
-0.2257518257657028,-0.07595569149666692
0.1666047639731987,0.4533920617203655
-0.38127868206126486,0.2638336573703634
0.5440728229274069,0.05531711310809661
0.6203496681568279,-0.07095272844824772
0.5322230325948728,-0.020245435327706375
0.8436496131410268,-0.004087207034401069
-0.3611982532959838,0.05437812514780872
-0.5328873614085188,-0.08902902777853865
0.07237302039250008,0.2613942942171412
0.01532921225799988,0.4431632234689482
-0.33071748880802593,0.0601284271842689
0.7665057656441728,0.10238680227929009
0.18593818673722617,-0.08944962437244898
-0.5100673086745775,0.12605904532544207
-0.2718903686849074,0.1377092197135738
-0.18374262035749467,0.0646522020713665
0.38691005838364656,0.30594187614363366
-0.4237566115817176,0.11096536009503902
0.6016825614669153,-0.04419186643822214
-0.16934769305438682,0.08625007701379929
-0.2646521885903759,0.0907571102306404
0.40525838859635355,-0.08197160496162685
0.15621027140525373,-0.021899720475985176
0.5706542973319205,0.30459810562451006
0.21754610470332902,-0.23525733516898986
0.1524026961423077,0.3185727668003251
0.6604388432163525,0.06010807918154764
-0.30499875118512176,-0.08034180425343027
0.1990897489648085,0.011819720352586278
0.016688358867435048,-0.05340028273849255
-0.25685148264825697,0.08122985236872975
-0.17934860055700186,0.15937370532839668
-0.3076194701418106,-0.07465671640107242
-0.02041328841634802,0.07621337804039652
-0.4726900890105448,-0.1401075752742244
0.2761331195684189,0.0637217304193362
0.07424951381782759,0.5213879212693834
0.4959600354341438,-0.2008455167576955
0.6058103037180848,-0.34380304813935725
-0.5554953701681701,0.041265480304378176
0.11502747615332444,-0.2725643220625489
-0.27097847551336735,0.07757461408963581
0.03398710013481166,0.056095665523085154
0.2617555687943318,-0.14064354771403817
0.006620483830468216,-0.0836956332957879
0.564750442407645,-0.10895946119543465
-0.036749214845194667,-0.025612862153215208
-0.12280508523861518,-0.155632129209431
0.10013952228981422,-0.14575343467909355
-0.35250706358276923,-0.09656556678363346
0.4911596832805537,-0.07550293600022256
-0.7475552587705918,0.11677338721425723
-0.4082287029784528,0.1643015546375919
-0.3244823066686188,-0.1220217045278416
0.5863654272837373,-0.03713150381799535
0.08576950800829246,0.04610445533940042
0.11193058757829773,0.043826160993050235
-0.3559635781993241,-0.004739170271383497
-0.06249772816907168,0.04587188224365789
1.1789930864970988,-0.11035016206656784
-0.3709183025979263,0.08088321541806907
0.18934120024824688,-0.18376766360796917
-0.2628395923757503,-0.13799899758932269
0.09174866024007586,0.1455250165255715
0.15362494015224543,-0.17697927599789087
0.15696441665649202,-0.02137312111601637
-0.33600925991494496,0.20759148451662685
0.3453645465460247,-0.07842791668337008
0.6984072100442349,-0.08462601381159587
-0.5148310312203173,0.11142244451538708
0.4683195976903393,-0.13633984498194834
-0.4988462019714835,0.1748024120318206
-0.019947423830911408,-0.16875642297331472
0.2748966911233868,0.12033404249357127
0.45856634691301296,0.09598217364401587
-0.43431930516473194,-0.1308224737177941
-0.3328777443199769,-0.11595908461946157
0.05147672518922344,-0.03860338276420453
-0.028147984552686443,0.015046834496853954
0.16092157575193905,-0.17819454844407162
-0.31415479982429806,-0.03546088654629216
-0.5859481837809156,0.21519751735668025
-0.20777032393992828,-0.3118865419258576
-0.17493657297025622,0.15198020237727278
-0.011852131493703878,0.082145075124701
0.19459422419696407,-0.011919135010963129
-0.3937463477479452,0.27996724057603345
-0.6349801517608978,-0.039544544685343325
-0.5052828844839299,0.039272349789555586
-0.2656874616702973,-0.0348825276085032
0.24115091441721018,-0.18568653514223374
-0.26728024373129006,-0.10632314844341301
-0.24346580052735264,0.03250683025407233
0.2846490277334358,-0.1840421709977201
-0.030673872285147286,0.5432304622130636
-0.3300130369999391,0.029296885461780598
0.003522696969247087,0.5404075673041941
-0.20037226187608229,0.00048374940690798024
0.04964254867103674,-0.05727905902411201
0.21721210500938246,-0.10430368799523536
0.06344238157804964,-0.08570241698790998
0.1698096819062653,-0.1929952860396294
-0.6477313766299232,0.2734505022828963
0.27077221124221984,0.07781816047120352
0.16210041348322757,0.4486240215775427
-0.052396133883724806,0.11740610880230866
-0.3839810492010062,-0.02179470710240308
0.21458088077553245,-0.0914437000871827
-0.09406973984231891,0.0007678062453532063
0.7802076345614618,0.08500531944516236
0.09788854655411766,0.23379042781092949
-0.29472994046499784,0.13009669699879917
-0.6220889810939143,-0.11924745491617333
0.09954823309174854,-0.18776553580535768
-0.2485709410262771,0.0028162379776314967
0.37125516632091515,-0.06061032582090537
0.03997392732696979,-0.07746910319054724
-0.24701636285385414,0.2704027852723179
-0.2645149188539728,0.12231866528439726
-0.20579697045423215,0.07991969647464127
-0.11405073732734292,0.2343861725437987
0.3761861387908539,-0.16353424183265916
-0.055421780504778716,-0.22507258298533867
-0.3939633772358089,0.01674378170191227
-0.42948973366971677,-0.14917616368350614
0.5020767808825971,-0.07344810991557929
-0.10477538321383109,-0.08006293988215565
0.35877952549324194,-0.15871189411922756
-0.013660598315925943,0.09798291022352129
-0.3777592614999662,-0.1626812391277821
-0.32464254446867874,-0.09932487818941896
-0.22334331846733105,-0.16454501982907366
0.4288935566252628,-0.09823379564502624
-0.5747469216039964,0.22312486081119434
0.31784751452326265,-0.1556307436862238
-0.6892915838432355,0.013484183395546847
0.6112128062138167,0.2972672377627977
0.009288583509183,-0.10867407051255984
0.07087809788362517,-0.09735528249411404
0.06637992236007434,0.15085737121051818
0.9042901878060999,0.14894668351047197
0.6718331829081539,0.11152830650153522
0.08194479350123783,0.07191414774666904
-0.1183754244641485,-0.17045466143441906
-0.663716757240814,0.11577215061773906
0.0067422040056897,0.05848940083651735
0.027894778077754367,-0.1249623350245125
0.11910865554814075,-0.1944133575707615
0.35161379028633916,0.11605052672117584
-0.08481036913009637,-0.12550854648624196
-0.275635729111006,-0.1344424263603556
0.3124467984675407,-0.15764987202507091
-0.2550057985175163,-0.010221969151653246
-0.1551147868723346,-0.09974860895149883
0.23344341719127878,0.012343764304313836
0.4789241728106029,0.3944061570526159
-0.15680213757641556,0.1725905780330809
-0.07307893012071258,-0.12365719854122598
-0.2977411053309138,0.1919953775020861
-0.7135983269790149,0.053693684227400895
-0.175164506463012,0.010718269453936776
0.31421601460595794,0.2545293621945499
-0.4734918406033516,-0.008065092485473128
-0.15147892378097966,-0.014940838838825184
0.22664199126746615,-0.16324482844317761
-0.14206315147860105,-0.10637908573689472
0.00017719263639303512,-0.13627982679920167
-0.09984780246334274,-0.05050129235306478
-0.42928107206625793,-0.02100497619302404
-0.2922200940159964,0.045476860677121686
-0.012245807876314727,0.12110661478976506
-0.3602633644978532,0.07218849954232298
0.08364508936322843,0.07834719416662879
0.31593175706036775,0.1222330801662677
-0.47922916660261167,-0.016281738042527694
-0.1211307909620041,-0.04826849042028915
-0.3303574335471033,0.01840012856751067
-0.15699697730140935,-0.3644548755653928
0.23666572981339606,-0.13121275627101214
0.6910594595303229,-0.048282831410390345
-0.2133368250873938,0.03678694493032849
-0.27861617212828504,-0.1908978142060112
-0.5568471223357375,-0.1350340726365838
1.148338073489019,-0.0446086517165453
1.034264112865879,-0.11952058966718876
-0.2728746808422927,-0.025963767465035276
-0.10758563121663463,-0.18883709435425544
-0.22388311370011094,0.04451586906057366
-0.39898030980317833,-0.08352766320611905
0.1453439126846769,-0.10212482296054312
0.05490970252516038,0.056723721325329664
0.15164864279669024,-0.11616434711928465
-0.7500859689923768,0.058366859117289636
-0.43373051855196737,-0.14391196770897355
0.09722535691383587,-0.048444231243523844
-0.5705460736171183,-0.12534111730509745
0.13930741298538804,0.1309705194874563
-0.5625613005840296,0.12512590201189333
0.2314039189138155,-0.06626445846327572
-0.10908744774894032,-0.041553434894036685
0.15064854414612697,-0.09373891104404222
0.3520342251480868,0.060193246553924676
-0.0244152745603658,0.23358540053276672
-0.6269570625935591,-0.09808491806220494
0.463498354843871,0.08799201836142265
0.6263153337513458,-0.05821635602033981
-0.1225092495033702,-0.06477491222399086
0.01682469033908969,-0.07920806522701969
-0.20760012011515575,0.05075993620017217
-0.19112310609212435,-0.014274358052223012
-0.01203534711121429,-0.14464598097717643
-0.004899224432968057,0.047736643823924695
-0.3074987511878624,0.053943885750226815
0.2628201748640692,0.08034922705818777
0.2578764244871632,-0.032722886859627896
-0.4004825501928418,0.16834319300071177
0.026058540263051114,-0.012202168943996972
0.6025722915372405,-0.0994950548226627
0.19441063598065433,-0.17136696982783853
-0.5695888073219543,-0.10674055281214359
-0.11786308764478731,-0.005408530646006304
-0.5221558633743317,0.07802957878925061
-0.5649145719494189,-0.03856938369898886
-0.09959431532034835,0.07419034123339424
0.21962988906039263,-0.03029513834578503
-0.7070009011409017,0.5469983358276784
-0.5669609046636874,0.09036322521717716
-0.3887789711939173,0.0006021729467516958
-0.06923407775178111,0.20234838004240238
-0.10318647191088555,-0.17336927402556074
0.1661385454632119,-0.11823877225046235
-0.41313867286921674,-0.37450006148867787
0.6225075703838995,-0.11061590211223757
0.5357987218598769,-0.21659695030512968
-0.2489486278713829,-0.11480862106885975
-0.5237413504433848,0.13632094648080498
0.4316066005425486,0.4551017724282674
0.6942073144042299,-0.0981270067828732
0.10473715574456897,-0.08987828097342607
0.21986111095203392,-0.019255161091841434
-0.456593973041894,-0.3468532361549372
-0.43329169206178186,0.20966012428678665
0.21572389450941395,0.5408679119325659
0.1453025966612878,-0.11242307778281879
-0.04590608957825384,-0.016163363582965072
-0.055354916878244634,0.06855447231386154
0.07346125562594644,0.33852421260607335
0.2598659403871374,0.3620429927134352
0.4005411465574522,-0.12717211808171475
-0.0005874393196402092,0.2037320556436099
0.11889873416816081,0.07630509487601349
-0.005547231697659398,0.29480410934462314
-0.36437733187227217,-0.08943305570524367
0.10325168398457901,-0.011520875181972779
-0.38716824726495985,0.003645123917505801
-0.3809327050801813,-0.1377137614355654
-0.1951988498546238,0.11278743762803371
0.1201876619111668,-0.13252805056236605
-0.26879851811854566,0.193752035562412
-0.4158621633280581,0.0014510879313155117
-0.30958603157488285,-0.08689743877962106
0.2208262978042183,-0.17950701233872207
-0.7245101290104147,-0.2906618138154933
-0.7218350951700453,-0.15029454613004584
-0.32867695910064454,-0.027365747712358245
-0.23494041939535135,0.08597624673155757
-0.17161646906051645,-0.23517466918580338
0.5527113735340334,0.03725235936424273
-0.6527741186940751,0.08411946089354601
-0.22576947777549475,-0.1521620007149159
0.1085441628034848,-0.0422774081261709
0.4348761052470089,0.005275627288311459
0.480108820191807,0.21020782104397856
0.7402684735656764,-0.21462947665475074
-0.4897607788875522,0.1340469783516474
0.025302220599847013,-0.13312276762117103
-0.13275512473724577,0.05849042341138083
0.0902625999989892,0.08439295743442059
0.019414867667394375,0.09263032135096949
-0.7526107237246271,-0.04150162235448413
0.3180186963303854,-0.07159729549466985
-0.44027793152473166,0.2120287073591718
0.394172366746709,-0.10066220296648412
0.3587930150965376,-0.17157094597357755
0.22190786152011646,0.11312273346255727
0.053720100059271546,0.33587077442079066
-0.41286122945284703,-0.053681698792516
0.2618073492729333,-0.09229370240198835
0.3507978049020225,0.1940544259692415
0.12682670418451067,-0.13353987390514152
0.12930089757073154,-0.010014081590624993
0.08341989068680854,-0.19447327862230485
0.32837029977248805,-0.05672889643846407
-0.18781161726585943,0.19649771463860286
0.016060396642326395,-0.22889672017104662
0.2770367235713492,-0.25914920340445585
0.1768387970111614,-0.08119137431820327
-0.47717426105768285,-0.05774336383759545
0.281042788282783,0.023820071923144913
-0.4164092802785394,-0.06434560040043845
-0.7532456345886488,-0.04055502186317375
0.06990432429870819,-0.17944514818586557
-0.020997251749520697,-0.18092758005163845
0.47455628602937727,-0.1272533789363882
-0.30251184725626384,0.08375461891434145
0.03226052037335761,-0.03126891991897323
-0.35372411968635376,-0.02536376521818663
-0.20594567668456043,-0.07605312436513782
-0.3667239489949795,0.0178606582959241
0.20255022607038647,0.002759238921140794
0.36070290575462166,-0.033633663311431576
0.22132887964133455,-0.025035394818873055
-0.5697365684336645,0.06566194864886853
-0.661233850303332,0.19838920930613302
-0.6255621876271932,-0.028179166149491664
0.1017740067544623,-0.06525609960159416
0.49993657959197607,0.4814555114857239
-0.3550866446822784,-0.09157325887924056
0.16456103074401143,0.03890212894219713
0.35074581702463387,0.3015758911000186
